<?xml version="1.0" encoding="UTF-8"?>
<!DOCTYPE lucky SYSTEM "E:\Lucky-Teest\Jack_Book\src\lucky.dtd">
<lucky>
	<orm>
		<jdbc-driver>com.mysql.jdbc.Driver</jdbc-driver>
		<jdbc-url>jdbc:mysql:///lucy_book</jdbc-url>
		<jdbc-user>root</jdbc-user>
		<jdbc-pass>1234</jdbc-pass>
		<scan>aoplog,controller,service</scan>
		<scan-mapper>mapper</scan-mapper>
		<debug>true</debug>
		<cache>true</cache>
		<reverse-package>pojo</reverse-package>
		<create-table>
			<c-url>entitry.Admin</c-url>
			<c-url>entitry.Author</c-url>
			<c-url>entitry.Book</c-url>
			<c-url>entitry.Consigness</c-url>
			<c-url>entitry.Detail</c-url>
			<c-url>entitry.Notes</c-url>
			<c-url>entitry.Orders</c-url>
			<c-url>entitry.ShoppCart</c-url>
			<c-url>entitry.Stort</c-url>
			<c-url>entitry.User</c-url>
		</create-table>
	</orm>
	<mvc>
		<setting>
			<uri-encoding>UTF-8</uri-encoding>
		</setting>
	</mvc>
</lucky>